X,moduleColor
LOC283412,background
EIF3K,background
MIF,background
PAQR8,background
RPL38,background
MRPS27,background
RPP21,background
LAGE3,background
LSM2,background
TMED3,background
LOC552889,background
ERGIC3,background
UCKL1,background
HIGD2A,background
EIF3G,background
C2ORF89,background
ATP5G2,background
ESD,background
TRMT1,background
RASSF7,background
ERP29,background
MRI1,background
TRPT1,background
RBBP4,background
LOC284393,background
PIK3IP1,background
LOC729843,background
ZDHHC16,background
LOC439949,background
HIST1H2AC,background
EIF4B,background
LEF1,background
MGC33556,background
ATP5G1,background
CDR2,background
ACTR1B,background
DPH2,background
GTPBP6,background
C4ORF14,background
DUSP6,background
LSM4,background
TTC4,background
LOC440589,background
LOC652071,background
ASNS,background
DGCR6,background
EIF3L,background
DNAJA3,background
DDX47,background
RPA2,background
RPL18A,background
LOC550643,background
APOA1BP,background
SLC25A6,background
NELL2,background
PAICS,background
SDAD1,background
DCTPP1,background
MRPS12,background
DKC1,background
LOC401019,background
C1ORF50,background
ATP8B2,background
NSMCE1,background
C21ORF33,background
PEBP1,background
NDUFB11,background
IDH1,background
TMBIM4,background
CPNE3,background
SUPT5H,background
HEXB,background
TSSC4,background
FBXL5,background
CD24,background
SRGN,background
ITPKB,background
ICAM2,background
AHSA1,background
AGTPBP1,background
RCBTB2,background
HS.407903,background
TPK1,background
LOC100129550,background
SUMO1P3,background
AP1G2,background
LOC651309,background
EIF4E3,background
FAM49B,background
HEXDC,background
CLPTM1,background
CD302,background
HSPB1,background
SPPL2A,background
GPR137,background
KPNA6,background
SLC35A4,background
SLC40A1,background
DDX56,background
TRPV2,background
KLHL12,background
DEGS1,background
ILF3,background
LAMP2,background
DNAJC4,background
NSL1,background
GCA,background
NSMAF,background
TMC6,background
DHPS,background
PTEN,background
LACTB,background
PRPF3,background
DERA,background
CHMP1B,background
FYB,background
SEC61B,background
TP53INP1,background
GHITM,background
WSB2,background
HMGN2,background
TUBGCP6,background
MTMR11,background
CNBP,background
PPP2R4,background
LOC407835,background
DCAKD,background
GNAI3,background
HIF1A,background
UCHL5IP,background
PNPLA7,background
VPS26A,background
RPUSD3,background
LOC440348,background
PELI1,background
UBE2E3,background
CRTAP,background
TIMM22,background
DPYD,background
FEZ2,background
PPP2CA,background
ACTR2,background
CD3E,background
NFE2L2,background
RHBDD2,background
MICAL1,background
RUSC1,background
ASPSCR1,background
SLC35C2,background
DCXR,background
B2M,background
CCBL2,background
RAB9A,background
PTGER2,background
FNDC3B,background
SLC39A3,background
FIBP,background
LOC730534,background
MOAP1,background
MRFAP1,background
PEX16,background
SNRNP70,background
SPATA2L,background
C14ORF173,background
URM1,background
EDEM1,background
RAB4B,background
TBC1D10C,background
FAM8A1,background
RFXANK,background
ATHL1,background
CPD,background
FAM107B,background
CHMP1A,background
SIGIRR,background
MFSD1,background
ZSWIM1,background
GMPPA,background
TM9SF2,background
YIPF4,background
RNGTT,background
DYNLRB1,background
PTK2B,background
STUB1,background
LOC645385,background
DEDD,background
TRMT5,background
NUDT3,background
MAP2K2,background
DKFZP761P0423,background
SMARCB1,background
NDUFV1,background
ARPC5,background
NPTN,background
GLTP,background
ELOVL5,background
NUDT16L1,background
GRSF1,background
SRP54,background
LMF2,background
CD1D,background
MAPK8IP3,background
CLIP1,background
RRAS,background
DYNC1LI2,background
TTC13,background
ACTR3,background
FLAD1,background
KCTD6,background
DDX21,background
MRPL37,background
CENPB,background
CCR2,background
C1ORF63,background
TMEM71,background
EIF6,background
CHSY1,background
LOC148915,background
NFKBIZ,background
SAP30L,background
HNRPK,background
SYTL1,background
ARL2BP,background
BTN2A1,background
BOP1,background
AIP,background
C17ORF49,background
ZDHHC6,background
ZNF598,background
SFRS2B,background
PAN3,background
BRMS1,background
FLJ10213,background
ID2,background
UBQLN2,background
LOC100131940,background
NDUFS7,background
ARL2,background
D2HGDH,background
AKR7A2,background
HS.452445,background
ATP8B4,background
RAB27A,background
BAT1,background
MUS81,background
ZFC3H1,background
ZFAND2B,background
CCDC115,background
GPD1L,background
ELF1,background
USP8,background
DDX18,background
SKAP2,background
ERCC1,background
LOC645436,background
MOBKL1B,background
SETD3,background
LSM14A,background
ZNF143,background
EML4,background
SEC22B,background
C17ORF62,background
DHX40,background
TMED10,background
LMO2,background
WSB1,background
MRPS18B,background
ACAP1,background
PDPK1,background
SLFN11,background
CCT8,background
TRAPPC2,background
SFRS6,background
TMUB1,background
LRRK2,background
HS.553301,background
RFWD2,background
ZNF428,background
HNRNPA0,background
PIK3AP1,background
ATP5D,background
DCTN5,background
MRPS25,background
CCDC128,background
INTS6,background
TLE4,background
STX6,background
AK3,background
HNRNPH2,background
HSD17B11,background
PRKAR1A,background
C11ORF2,background
UBR4,background
MTSS1,background
FAM103A1,background
JMJD1A,background
LOC100133372,background
ZNF217,background
ROD1,background
IRAK1,background
RPS6KB2,background
C19ORF56,background
MRPL38,background
LPIN1,background
HNRNPH1,background
RABAC1,background
E2F3,background
SEPT2,background
SAR1A,background
HCFC1R1,background
TNPO2,background
IL7R,background
SCAND1,background
LRRC37B,background
FAM98A,background
C12ORF35,background
HMGA1,background
LOC648210,background
AP3M1,background
HNRPH1,background
FNBP4,background
ZC3H7A,background
FAM100B,background
RNASEL,background
PDE4B,background
ZNF586,background
TMEM149,background
FLI1,background
GDI2,background
MGC52000,background
SFRS1,background
HADH,background
NGLY1,background
STARD7,background
UTP6,background
SLBP,background
FAM117B,background
METAP1,background
HSPH1,background
DYNC1I2,background
INTS8,background
ETF1,background
WRNIP1,background
ADPGK,background
RAB22A,background
KHNYN,background
NKTR,background
ZNF581,background
SNAP23,background
ZFP90,background
FRAG1,background
CCT6P1,background
CHCHD10,background
MAN1B1,background
MGEA5,background
CCDC6,background
PCM1,background
HNRPDL,background
IQGAP2,background
LOC729279,background
PRKCB,background
KHDRBS1,background
MAP2K1,background
PAFAH1B3,background
STK39,background
DDRGK1,background
CDV3,background
RTN4,background
KLHL24,background
TRIM4,background
MMGT1,background
HS.371609,background
UPF2,background
USP9X,background
WDR18,background
CLTB,background
GTPBP4,background
ZBTB34,background
PRDM4,background
GSTK1,background
HS.213061,background
ARHGEF3,background
FAM120A,background
GIMAP6,background
XBP1,background
HS.276860,background
EDF1,background
IVNS1ABP,background
ST13,background
CSRP1,background
HSPD1,background
LIMS1,background
PPP2R5A,background
HSD17B12,background
BRD7,background
PIGB,background
HHEX,background
ARPP19,background
ATM,background
SON,background
LOC649553,background
FAM39DP,background
FBXO38,background
LRMP,background
NSUN2,background
COMMD4,background
YWHAQ,background
C14ORF93,background
HNRNPC,background
CES2,background
RNF38,background
YTHDC1,background
TUFM,background
RAD21,background
PABPC3,background
TSPYL1,background
PNN,background
OXA1L,background
PUM2,background
MS4A7,background
TOPBP1,background
HECA,background
TGFBR2,background
EIF3A,background
HNRPA2B1,background
HNRNPR,background
TMEM160,background
AHSA2,background
HEATR5B,background
IRF8,background
HLA-DRB3,background
PIM2,background
DOCK10,background
FOXO1,background
DSTN,background
NDUFA3,background
TIPARP,background
FBXO21,background
PSMC3,background
ZNF524,background
WDR37,background
FBXL10,background
SECISBP2,background
CYB5B,background
MBTPS1,background
ATP2A2,background
ZC3HAV1,background
ETFB,background
NDUFA10,background
KIAA0907,background
LOC387820,background
RBL2,background
TIAL1,background
UBR7,background
RBM33,background
PGRMC2,background
PHCA,background
ASGR1,background
C20ORF24,background
GMPR2,background
FLVCR2,background
LOC642817,background
DGUOK,background
LOC391075,background
SLC15A4,background
CD93,background
H2AFY,background
S100A6,background
RHOB,background
CREB5,background
PPHLN1,background
C7ORF59,background
IL1B,background
LOC728069,background
TLR1,background
AOAH,background
CMTM2,background
BTBD6,background
NAMPT,background
RAB32,background
SRPK1,background
TLR6,background
BID,background
TLR8,background
LILRB2,background
ALDH2,background
DHRS7,background
CASP4,background
CD33,background
RILPL2,background
CD86,background
FOS,background
MNDA,background
HNRPA1P4,background
PROK2,background
SVIL,background
LOC653381,background
LOC644237,background
LOC401115,background
RGL2,background
RELL1,background
STX11,background
CORO1B,background
GABARAPL1,background
GAPDH,background
LOC728732,background
GPR177,background
GLOD4,background
LOC402112,background
NEDD8,background
PPM1M,background
SH3GLB1,background
PIGC,background
HS.296031,background
EIF3I,background
FNIP1,background
IRS2,background
RFFL,background
ADM,background
LOC100131531,background
LOC100131609,background
S100A4,background
IDS,background
SUPT4H1,background
ACAA1,background
CCDC45,background
CEBPA,background
NRBF2,background
LOC100132528,background
COMMD7,background
ST3GAL5,background
TNFAIP8L2,background
CYP27A1,background
ATXN1,background
HCG27,background
LOC100129237,background
NAP1L4,background
GK,background
BCL6,background
ITK,background
TNFSF12,background
CHIC2,background
PFKFB3,background
KDM3B,background
LOC644774,background
LILRA6,background
NEDD9,background
NSFL1C,background
RNF135,background
LOC100133477,background
NAPRT1,background
USP3,background
HIST2H2AA3,background
FTHL2,background
MKNK1,background
HS.531457,background
TRAPPC6A,background
GOLGA8B,background
SPAG9,background
DNASE1L1,background
C7ORF50,background
FTHL3,background
RARRES3,background
NPC2,background
CDC123,background
NOD2,background
NADSYN1,background
PELO,background
DPP7,background
PRELID1,background
CIDEB,background
CYP4F3,background
LILRA5,background
LOC729009,background
DOCK8,background
LOC729559,background
RBM47,background
FLJ20273,background
BRD8,background
RPS6KA5,background
RAPGEF2,background
CEP63,background
IL10RB,background
DUSP1,background
ATOX1,background
VCAN,background
C13ORF15,background
FAM129B,background
PPP2R2A,background
LOC728643,background
CPVL,background
MARCKS,background
ALDH1A1,background
MLKL,background
RRAGD,background
LOC153561,background
SLC31A2,background
UBE2G2,background
ARF5,background
SGK1,background
UNC119,background
VNN2,background
MOSPD2,background
ATP6V0E1,background
FTHL11,background
DIP2B,background
TMEM205,background
GLA,background
HIST2H2AC,background
UPP1,background
XRN2,background
PPT1,background
AGPAT9,background
ATP6V1E1,background
PPP4R1,background
HSPA7,background
SULT1A4,background
MCL1,background
USP10,background
RAE1,background
FGL2,background
ANXA2P1,background
MAP3K2,background
SGK,background
FCER1G,background
EIF4E2,background
SLC39A1,background
RFX5,background
C1ORF174,background
MTCH1,background
ITPA,background
TACC1,background
EDG1,background
MSRB2,background
PRPSAP2,background
MEGF9,background
LOC728666,background
EMR2,background
MDC1,background
CNO,background
NUP214,background
DECR1,background
SNURF,background
PANK2,background
LOC347376,background
TOMM70A,background
IFI30,background
APAF1,background
VNN3,background
FTHL8,background
NPEPPS,background
FADD,background
FPR2,background
CIR1,background
HAVCR2,background
ZFP36L1,background
SDCCAG3,background
PECI,background
PSMC1,background
NLRP3,background
YWHAE,background
KIAA1147,background
HBP1,background
U2AF1,background
KIAA1191,background
SLC7A7,background
HLA-C,background
CUEDC1,background
PTTG1IP,background
S1PR1,background
FTH1,background
CORO1C,background
MBP,background
RGS2,background
TMUB2,background
TRIM25,background
LOC644330,background
METRNL,background
ATF6,background
PEX11B,background
CARD9,background
GPR162,background
LST1,background
GNG5,background
TMEM49,background
NAGK,background
H2AFJ,background
TGFBI,background
PAK2,background
LOC653506,background
LOC100133607,background
ORC6L,background
LOC729324,background
UBA52,background
PMS2L4,background
LOC730323,background
OAZ1,background
RALGDS,background
HBA1,background
FTL,background
HBA2,background
HBB,background
CDC2L5,background
HS.545976,background
SNRPC,background
SSBP2,background
DHRS4,background
RABEPK,background
IL10RA,background
LOC100008588,background
ATP1B3,background
LOC91561,background
LOC285176,background
LOC286157,background
SPSB3,background
PSMB7,background
OSBPL9,background
SPCS1,background
NDUFB7,background
PARK7,background
LOC642590,background
CECR5,background
PEPD,background
ERAL1,background
C1ORF144,background
PEA15,background
P4HTM,background
TOR1A,background
ANAPC13,background
PSMD6,background
APBB3,background
CYBB,background
LOC440341,background
UBL4A,background
HTATIP2,background
ZMYM6,background
NDUFA12,background
LGALS1,background
SEPW1,background
ARHGAP15,background
LOC644852,background
LOC729992,background
LOC644739,background
TRMT112,background
CARHSP1,background
C7ORF30,background
ARIH2,background
UCP2,background
C2ORF28,background
WDR48,background
FAM175B,background
SLC35E3,background
SFRS9,background
C15ORF24,background
S100PBP,background
RGS19,background
LHPP,background
SH3GLB2,background
TP53I13,background
LOC643668,background
LOC644033,background
C11ORF75,background
LOC400948,background
LOC731985,background
DAD1,background
LOC648294,background
LOC729617,background
STAMBP,background
PHB2,background
FAM3A,background
PQLC1,background
LOC441775,background
NCBP1,background
COX6B1,background
GPX1,background
ARNTL,background
C17ORF44,background
LOC399804,background
SUCLG1,background
NME4,background
MAPBPIP,background
TOP3B,background
LOC100128731,background
FEM1A,background
CNPY2,background
APOL3,background
SEPHS2,background
PSMG2,background
NDUFA11,background
C12ORF10,background
NME2,background
GLIPR1,background
KIAA0430,background
MTRF1L,background
C16ORF72,background
EIF4A1,background
DUSP23,background
LOC391777,background
TSPAN17,background
GNPTG,background
LOC392437,background
NDUFB9,background
NHP2,background
LOC653566,background
HS.561747,background
LOC388588,background
TRAPPC3,background
ERICH1,background
LAPTM4A,background
LOC651697,background
PSMA5,background
SFRS17A,background
CCDC28A,background
PAPSS1,background
NT5C,background
NGFRAP1,background
PA2G4,background
PIK3R2,background
SPG11,background
POLR2F,background
BFAR,background
SNW1,background
RNF34,background
LOC646531,background
ODC1,background
SLC25A42,background
C1ORF218,background
PWP1,background
SDF2L1,background
NDUFA8,background
HS.213541,background
LOC285074,background
RAB24,background
RNF144,background
TMEM101,background
AKR1A1,background
NUFIP2,background
ZFYVE20,background
COPZ1,background
BAG5,background
ATP6V1F,background
MRPS10,background
GBGT1,background
CUGBP2,background
AMZ2,background
LOC728602,background
NPL,background
UBAC2,background
CCDC93,background
STAU1,background
AHCY,background
VAMP1,background
PPFIA1,background
LOC100131785,background
LOC200030,background
CHMP4A,background
PROSC,background
BLVRA,background
MPPE1,background
LOC644563,background
TMEM216,background
PRDX5,background
ASB3,background
FAM156B,background
C19ORF6,background
SPCS2,background
GPX4,background
TMSL3,background
RPL3,background
KIAA0355,background
PSMD4,background
RBMX,background
AP2S1,background
MIR1974,background
PASK,background
EIF5A,background
GALNT11,background
HARS,background
LOC728453,background
MDH2,background
APPL2,background
PHPT1,background
ZNF274,background
SRXN1,background
LOC148413,background
NIPA2,background
MTMR14,background
C5ORF51,background
HBE1,background
ISCU,background
DIDO1,background
C11ORF59,background
UQCC,background
KIAA2010,background
STX16,background
PSTPIP2,background
MT2A,background
ADAR,background
TNFAIP6,background
BTN3A1,background
SAT1,background
SP140,background
TRIM22,background
MT1A,background
HSH2D,background
RHBDF2,background
DRAP1,background
GBP4,background
ADPRHL2,background
TNFSF13B,background
LYSMD2,background
PSMB9,background
SMS,background
TNFSF10,background
DHRS9,background
CYSLTR1,background
NT5C3,background
C19ORF66,background
CEACAM1,background
FGD2,background
LOC100129681,background
ADAP2,background
REC8,background
MICB,background
PSMB8,background
GBP5,background
IL1RN,background
TXNDC12,background
CCR1,background
PHF11,background
ISG20,background
TAP2,background
GBP2,background
PSME2,background
FFAR2,background
SCARB2,background
DEFA1B,background
DEFA1,background
DEFA3,background
LOC653600,background
LCN2,background
KBTBD11,background
FUCA1,background
CXCR4,background
CLEC12A,background
BECN1,background
CTSC,background
AHNAK,background
H3F3B,background
ME2,background
UPLP,background
HSPBAP1,background
FOLR3,background
YWHAG,background
SCPEP1,background
TMEM189-UBE2V1,background
NCK2,background
IFFO1,background
COMMD5,background
LOC648024,background
HEBP1,background
DNAJC7,background
LOC643336,background
TNFRSF14,background
TXNDC5,background
RNF181,background
LOC728565,background
HLA-DRB4,background
LOC644936,background
DUSP22,background
MSH6,background
GUSBL1,background
C20ORF27,background
LOC728499,background
SDHAF2,background
CERK,background
LIPA,background
BTN3A2,background
CARD8,background
ISY1,background
RNASE6,background
PAM,background
WAC,background
LOC100132761,background
TRAK1,background
EIF2S3,background
RNF114,background
LYZ,background
UBE3C,background
NAAA,background
LOC642073,background
AMY1A,background
MRPL16,background
KCTD5,background
LOC649143,background
APOBEC3A,background
LOC728698,background
CD55,background
LOC642113,background
TFG,background
EIF5,background
CAT,background
FCGR3B,background
LOC728855,background
LOC642934,background
CDK2AP1,background
PSCDBP,background
KBTBD2,background
SIGLEC14,background
CAST,background
NBPF3,background
ABCA1,background
IL18RAP,background
RPS23,background
HACL1,background
PGLYRP1,background
RGL4,background
C5ORF32,background
C19ORF59,background
TLR5,background
PI3,background
SLC12A9,background
MRPS6,background
NARF,background
CKAP4,background
SLC22A4,background
IL4R,background
PGS1,background
DCTD,background
ALPL,background
GABARAPL2,background
CREG1,background
BNIP3L,background
KAT2B,background
JAZF1,background
SNX3,background
KIAA0494,background
LOC645515,background
CCNDBP1,background
UROD,background
RNF14,background
RIOK3,background
C18ORF8,background
TMEM183B,background
NOL12,background
ZMAT2,background
OPTN,background
MGC3731,background
TMEM183A,background
MANBAL,background
TRAK2,background
UBE2H,background
TFDP1,background
YIPF6,background
EIF1,background
CWF19L1,background
LOC441481,background
RBM5,background
STOM,background
FIS1,background
PSME4,background
SLC2A1,background
NP,background
DBNDD2,background
MED6,background
TRIP12,background
NDUFB10,background
LOC653778,background
RNU6-1,background
RNU6-15,background
TMEM219,background
C19ORF60,background
VTI1B,background
TMEM120A,background
PPP6C,background
LOC654103,background
UBE2F,background
NCOA4,background
ZNF622,background
POLR1D,background
ASB8,background
WDR26,background
ANP32B,background
C6ORF153,background
CICE,background
ERCC5,background
NOP10,background
FAM20B,background
SERF2,background
FKBP11,background
DDA1,background
TRAPPC5,background
CDKN2D,background
RPL7A,background
SUMO2,background
LOC100130154,background
LOC728026,background
LOC644131,background
FASTK,background
METTL7A,background
GIMAP1,background
LOC136143,background
LOC729086,background
RPL23AP7,background
RPL37A,background
LOC441743,background
DDX17,background
LOC643949,background
IFP38,background
RPL14,background
LDHA,background
PNPT1,background
LOC400721,background
WDR23,background
C21ORF55,background
LOC100133177,background
SDHB,background
LOC731542,background
STAG3L2,background
MGC26356,background
FKTN,background
STAG3L3,background
LOC100128505,background
S100A9,background
FLJ12078,background
SLC44A4,background
LOC100133233,background
LOC100132740,background
ATPBD1B,background
GJC1,background
LOC100190938,background
FAM115A,background
AKR1D1,background
MLLT6,background
FAM153B,background
LOC389517,background
TRIM38,background
LOC728755,background
LOC643509,background
PDE4C,background
LOC646936,background
LOC642333,background
PDCD4,background
PDE7A,background
C21ORF24,background
RRAGA,background
FLJ38717,background
DOPEY2,background
NFATC2IP,background
LOC100130598,background
SPN,background
HS.92308,background
COX19,background
NELF,background
SAPS2,background
C4ORF34,background
AIRE,background
LLPH,background
C5ORF28,background
MLL5,background
LTA4H,background
LOC100131541,background
C9ORF130,background
MFSD11,background
CRCP,background
EVI5,background
PSMD12,background
LRRFIP1,background
LOC132241,background
SHCBP1,background
LOC100134053,background
TMEM137,background
GPR1,background
TMEM191A,background
LOC728620,background
SEMA3E,background
ZNF526,background
GVIN1,background
RINL,background
HS.572649,background
TDP1,background
DIS3L,background
EEF1A1,background
FAM120AOS,background
UCRC,background
LOC100134648,background
LOC729090,background
FAM126B,background
LOC644642,background
RN7SK,background
RN5S9,background
ZMAT3,background
LOC388969,background
FAM119A,background
CANX,background
MBTD1,background
EIF4G2,background
GIMAP4,background
LOC113386,background
SLC25A5,background
LOC100130835,background
HS.572219,background
LCOR,background
LOC730455,background
INTS12,background
ARPC2,background
RNY3,background
ZSCAN18,background
ATP5A1,background
PABPN1,background
HS.580797,background
HS.481659,background
ZBTB22,background
SLC25A3,background
NTAN1,background
ZNF281,background
HS.562875,background
XRCC5,background
BTF3,background
PRRG4,background
ZNF549,background
LOC643287,background
SNRNP40,background
PRDM8,background
CD96,background
CSAD,background
HS.542993,background
FAHD1,background
TRIM13,background
DUSP19,background
CD44,background
HBG1,background
LMO4,background
HBG2,background
UBAC1,background
HSPA4,background
TMEM156,background
AGAP8,background
HCG2P7,background
SYNJ2BP,background
LOC728650,background
ITFG1,background
RNF126,background
JTB,background
MT1X,background
RPLP1,background
TERF2IP,background
PPP1R14B,background
LOC441087,background
YTHDF2,background
CIAO1,background
LOC647389,background
HLA-DRA,background
KLHL28,background
MRP63,background
APRT,background
CTGLF3,background
HSPA8,background
LOC442727,background
NOL8,background
HSCB,background
LOC651894,background
TMED4,background
EIF3D,background
DNAJB11,background
PARP8,background
BTG2,background
C14ORF131,background
MGC16384,background
PLIN5,background
QARS,background
CDC42,background
LOC389342,background
MGC72104,background
NACA,background
EIF2B1,background
BCL2L13,background
RPS12,background
EDEM2,background
SDHAP2,background
POLR2J3,background
FVT1,background
LOC341315,background
KLHL8,background
PHKA2,background
ZNF689,background
PTPN1,background
CCDC16,background
WDR22,background
LOC644162,background
TM7SF3,background
HS.171171,background
ZNF275,background
RHOQ,background
DUSP3,background
PPTC7,background
LOC100133923,background
HNRPR,background
LOC651738,background
KTELC1,background
BICD2,background
SEPT6,background
PPP2R5E,background
SLC38A1,background
C20ORF177,background
MSL3,background
CD3G,background
MSL3L1,background
TTC14,background
C1ORF183,background
KCTD20,background
KCTD12,background
CCNY,background
TMEM154,background
SP100,background
M6PR,background
IGSF6,background
CNOT7,background
LOC649841,background
LOC338758,background
ZNF364,background
CTBS,background
HS.440088,background
LEPROT,background
C5ORF41,background
TOB1,background
LOC728873,background
RHOC,background
GYG1,background
PVRIG,background
SPINT2,background
FAM82A2,background
GFOD1,background
KIR2DL3,background
TUSC4,background
ABI3,background
PRKCH,background
TPST2,background
DDIT4,background
ADA,background
MACF1,background
ADRB2,background
MCOLN2,background
DGKQ,background
ATG16L1,background
SYTL2,background
SLC20A1,background
CD99,background
KLRG1,background
SYT11,background
SKAP1,background
STAT4,background
LOC441089,background
C20ORF3,background
APOBEC3G,background
PRKCQ,background
CD2,background
CD8A,background
CYB561D2,background
LYAR,background
CST7,background
SUMO3,background
LYPLAL1,background
S100A8,background
TCEB1,background
H2AFZ,background
GLRX,background
CLNS1A,background
PARL,background
COX7A2L,background
PSMC2,background
S100A12,background
ATG3,background
LOC647340,background
ANXA3,background
MAP2K1IP1,background
COX7A2,background
ATP5C1,background
VBP1,background
PHF5A,background
PSMD10,background
WDR61,background
COX17,background
UQCRQ,background
KLHDC2,background
ENY2,background
TXNDC17,background
LOC388654,background
TXN,background
RNF7,background
LOC441131,background
COMMD3,background
LOC100128353,background
COPS5,background
MRPL33,background
CNIH4,background
MRPL3,background
MYL6,background
ATP5H,background
RPSA,background
LY96,background
LOC100127993,background
TMEM14B,background
MRPL32,background
SF3B14,background
GGPS1,background
CKLF,background
UBE2E1,background
MRLC2,background
DUSP12,background
SRP19,background
SRP72,background
TMED10P,background
VPS29,background
DPM1,background
DPY30,background
RSL24D1,background
KLHL5,background
RWDD1,background
MDH1,background
LOC644863,background
ATP5O,background
SS18L2,background
NIF3L1,background
RPLP0,background
PSMA3,background
LOC650518,background
LOC100130553,background
LOC729841,background
ATP5L,background
ZNHIT3,background
C8ORF59,background
GAPT,background
PRDX1,background
RPL7,background
PSMA1,background
NDUFA4,background
SRP14P1,background
TMCO1,background
UQCRH,background
ATP5J,background
RPL24,background
RPS9,background
MRPL51,background
TMEM126B,background
HINT1,background
GMFG,background
LYRM5,background
SNRPB2,background
SRP14,background
ACN9,background
COX7C,background
GLO1,background
SSR2,background
RPS15A,background
UBL5,background
PSMA6,background
TBCA,background
RPL15,background
LSM1,background
POLE4,background
MITD1,background
LOC100130308,background
STX7,background
MGST3,background
C20ORF52,background
C17ORF61,background
MRPL11,background
MRPL23,background
NAT5,background
LOC440737,background
ATP5F1,background
LOC100132037,background
CRBN,background
PDCD10,background
LOC648000,background
RBX1,background
COX5A,background
NME1-NME2,background
ATP5EP2,background
RPL27A,background
DBI,background
LOC441506,background
LOC727865,background
CHMP5,background
UQCRFS1,background
LOC100130003,background
RBM6,background
RPS3,background
CCDC53,background
MRPS22,background
LOC389435,background
LOC388789,background
OSTC,background
ZCCHC9,background
SNRPG,background
LOC391126,background
PPCS,background
PSMA4,background
LOC100132742,background
ARPC3,background
POLR3GL,background
COX6C,background
RPL17,background
LOC389404,background
LOC728973,background
RPL9,background
GTF2E2,background
RPL35,background
ERH,background
FAM60A,background
LOC641814,background
LOC440595,background
COX6A1,background
SEC11C,background
PPA1,background
LOC387825,background
SEC11A,background
RPS27,background
LOC642250,background
CLIC1,background
RPS24,background
NAE1,background
C14ORF156,background
LOC728368,background
LOC643863,background
PRICKLE4,background
LOC388524,background
C12ORF47,background
LOC100133931,background
GPR65,background
RPL31,background
LOC644315,background
THOC7,background
LOC647361,background
CD48,background
LOC402057,background
LOC645387,background
LOC730754,background
VDAC3,background
LOC391656,background
LOC651436,background
LOC100130070,background
TMEM14D,background
CTSH,background
LOC645296,background
LOC653232,background
LOC729301,background
LOC644790,background
LOC440927,background
LOC644464,background
LOC401537,background
LOC100129902,background
PCNA,background
UBE2J1,background
LOC646942,background
RAN,background
LOC100129742,background
LOC653773,background
LOC441246,background
RPS18,background
CASP1,background
LOC124512,background
LOC646766,background
LOC439953,background
LOC100128196,background
UQCRHL,background
CCDC72,background
LOC100132488,background
TAX1BP1,background
LOC647030,background
LOC728324,background
KRCC1,background
ROMO1,background
ATP5I,background
LOC728126,background
USP16,background
RPL26,background
SNRPD2,background
LOC387930,background
LOC391532,background
LOC100129553,background
LOC650157,background
MTIF3,background
C7ORF23,background
RPL39,background
LOC646819,background
TRAPPC6B,background
NDUFS5,background
TOMM7,background
LOC728576,background
ITGAE,background
IL27RA,background
LOC730187,background
LOC728658,background
LOC730255,background
RPS17,background
ATP6V1G1,background
LOC100130892,background
RPL13A,background
RPS6P1,background
LOC648729,background
RPL23,background
LOC649049,background
LOC649076,background
MRPS21,background
LOC648622,background
LOC100128266,background
LOC653505,background
LOC643284,background
RPL5,background
RPS10,background
LOC134997,background
COQ5,background
NDUFA1,background
C17ORF95,background
LOC651202,background
MS4A6A,background
LOC402694,background
NDUFB5,background
LOC100129379,background
LOC284230,background
RPS3A,background
LOC100131387,background
LOC729768,background
NDUFB3,background
RPS6,background
LOC389141,background
LOC646785,background
LOC729340,background
LOC285900,background
LOC440063,background
LOC392285,background
LOC402251,background
PMPCB,background
METAP2,background
LOC391833,background
C1ORF59,background
CCT2,background
RPA3,background
LOC646567,background
LOC646483,background
C7ORF47,background
TIMM23,background
LOC646630,background
LOC128192,background
LOC645317,background
RPL35A,background
RPS13,background
LOC642989,background
RPL13,background
LOC642236,background
SNHG5,background
LOC388707,background
LOC729466,background
LOC341457,background
LOC642892,background
RDH14,background
LOC648249,background
LOC649150,background
FAU,background
COPS8,background
ZNF410,background
LOC441073,background
C8ORF76,background
LOC388339,background
DYNLT1,background
LOC647673,background
PSMB1,background
LOC285741,background
IGBP1,background
NSA2,background
COX5B,background
LOC442454,background
LOC100133812,background
NDUFV2,background
HMGB1L1,background
LOC388556,background
RPL27,background
RPS29,background
LOC387867,background
C16ORF61,background
ETFA,background
LOC440991,background
NOP58,background
EEF1B2,background
RPL30,background
CHCHD7,background
NME1,background
LOC653162,background
PPIL3,background
AIF1,background
LSM5,background
LOC729236,background
LOC652624,background
LTV1,background
TMEM218,background
LOC100134273,background
RNASE2,background
NDUFAB1,background
NDUFB2,background
MAPRE2,background
LOC647856,background
CD36,background
FRG1,background
ALG5,background
DDX1,background
C14ORF166,background
NDUFB8,background
REXO2,background
EIF3M,background
PLRG1,background
LOC645715,background
GTF2A2,background
PPP2R3C,background
EEF1AL7,background
LOC728820,background
ACP1,background
LOC730029,background
RARS,background
EXOSC1,background
PRDX4,background
RPS14,background
C1ORF43,background
LOC389223,background
RPS5,background
LOC100128410,background
SYF2,background
ITM2A,background
CD52,background
LOC100132291,background
EBAG9,background
SNRNP27,background
TINP1,background
LOC644604,background
ARMET,background
EIF3E,background
SNORA25,background
SNRPF,background
NSMCE4A,background
RPL41,background
LOC644511,background
LOC401152,background
RPL11,background
RPS25,background
CROP,background
RPL6,background
RBM34,background
HDHD2,background
LOC729769,background
TMEM85,background
CCDC59,background
ATP5E,background
CHCHD9,background
HEBP2,background
TOMM6,background
CD3D,background
LOC650276,background
SSB,background
TMEM9B,background
TMEM14C,background
BRP44,background
LOC729903,background
RPS11,background
LOC100131905,background
SELK,background
LOC402175,background
SELS,background
C7ORF70,background
LOC402644,background
STAMBPL1,background
COX4I1,background
PDCD2,background
C16ORF53,background
C14ORF109,background
TCEB2,background
PPIAL4A,background
LOC100129158,background
LOC389787,background
PFDN5,background
MGC87895,background
LOC728031,background
LOC158345,background
SEC61G,background
LOC646688,background
LOC728672,background
C19ORF70,background
C11ORF10,background
C20ORF199,background
RPL4,background
ATF4,background
LOC401206,background
LOC100133185,background
SSBP1,background
LOC100132658,background
TMEM93,background
LOC387791,background
C9ORF46,background
NDUFS3,background
SERTAD2,background
CEBPZ,background
MRPL21,background
HIST1H4C,background
LOC654194,background
LOC100130446,background
LOC642828,background
LOC728590,background
C6ORF160,background
C3ORF10,background
DIABLO,background
PCID2,background
CHCHD2,background
MRPS18C,background
LOC647285,background
HLA-DMA,background
RALA,background
LOC100129685,background
PSMB4,background
LOC100132863,background
LOC653156,background
ILF2,background
C17ORF45,background
OCIAD2,background
LSM7,background
USP24,background
ATP5J2,background
RPL21,background
LOC731365,background
GIMAP2,background
LOC653881,background
LOC646200,background
SH2D1A,background
C6ORF48,background
BOLA2,background
LOC100131196,background
CCDC109B,background
AXIN1,background
MRPS31,background
NDUFA2,background
LOC100131672,background
XPNPEP1,background
LOC284821,background
GNL2,background
LYRM1,background
CAMLG,background
C12ORF57,background
LOC389156,background
LOC100131801,background
CCDC90B,background
LOC286512,background
ANXA7,background
U2AF1L2,background
POMP,background
MRPL45,background
MTF2,background
LOC100131713,background
LOC100130561,background
LOC729208,background
LOC652489,background
LOC642741,background
ABCA7,background
POLB,background
UQCRC2,background
LOC100131205,background
RPAIN,background
ANXA1,background
AKTIP,background
PSMB6,background
LOC728693,background
TIGA1,background
MRPL43,background
AMY2A,background
GSTO1,background
GTF3A,background
LOC729102,background
RPS27A,background
NCRNA00219,background
EIF3H,background
SF3B5,background
LOC647276,background
LOC728553,background
LOC728782,background
LOC727826,background
FAM39E,background
SETDB2,background
LOC388621,background
LOC100129141,background
TOMM22,background
ZNF791,background
LOC653079,background
SCO1,background
MXD4,background
SNHG6,background
CCDC56,background
COMMD1,background
TAGAP,background
SMUG1,background
C9ORF156,background
PLIN2,background
TMEM60,background
NXT1,background
LOC645138,background
LOC388720,background
GIMAP7,background
RANBP1,background
MRPL24,background
LOC387841,background
UXT,background
LOC440575,background
WDR33,background
LOC653737,background
LOC643358,background
TMSB10,background
EEF1G,background
POLR2H,background
TMEM189,background
LOC388532,background
ATG12,background
CLC,background
ZNHIT1,background
LOC645683,background
LY86,background
LOC391019,background
C18ORF55,background
SOD1,background
LOC730246,background
RSL1D1,background
MAFB,background
DARS,background
LOC731640,background
HDDC2,background
SIVA1,background
RPS8,background
LOC127295,background
BCL2,background
SCFD1,background
KIAA0391,background
C19ORF53,background
LOC731096,background
LOC645157,background
RPS20,background
CD151,background
P15RS,background
SFRS5,background
LRRN3,background
EBNA1BP2,background
HSBP1,background
LOC729402,background
ATP6V1D,background
SRRM1,background
C17ORF90,background
CA2,background
CXORF26,background
SLC35A5,background
SURF1,background
VAMP8,background
TMEM43,background
KYNU,background
GZMA,background
GTF2H5,background
RNASEH2B,background
DNAL4,background
RPL36AL,background
VAMP5,background
EBI2,background
RPL36,background
CYTH1,background
LOC100133273,background
RPL12,background
SLC2A6,background
NDUFA13,background
CLEC2D,background
TPT1,background
HMGN1,background
DNAJA1,background
PFDN1,background
LOC654121,background
APH1A,background
LOC653658,background
MRPL34,background
SIVA,background
SERPINB6,background
PTGES3,background
SNX2,background
C1QBP,background
MRPL41,background
LILRA3,background
EEF1D,background
SKP2,background
NDUFB6,background
SAT2,background
BAT2D1,background
MOBKL2C,background
LOC100132992,background
INTS10,background
C6ORF115,background
LOC645174,background
MRPL18,background
HSP90AA1,background
PPP2R2D,background
XYLT2,background
GPN1,background
PPP2R5C,background
BEXL1,background
TCP1,background
RPL14L,background
NACAP1,background
MGC4677,background
DAP3,background
RPL8,background
LOC642357,background
PIGM,background
PSCD1,background
LSM10,background
LOC730004,background
LOC100132795,background
FDFT1,background
LOC643873,background
PIN1,background
HSPE1,background
DRG1,background
TTC19,background
PHIP,background
BTK,background
TSPAN32,background
NSF,background
MTPN,background
CSE1L,background
LOC644907,background
LOC391370,background
BTG1,background
GLE1,background
PLEK,background
LOC338870,background
LOC645691,background
KIAA0556,background
ITGB1BP1,background
NOL7,background
TSPAN31,background
LOC646849,background
LOC727821,background
ZNF207,background
BZW2,background
SSR4,background
NGRN,background
LOC440055,background
RABEP1,background
FAM50A,background
CDC26,background
CLPTM1L,background
LOC728244,background
SFRS10,background
C10ORF104,background
NUP88,background
LOC100131735,background
DNAJC8,background
MRPS24,background
C21ORF7,background
MPHOSPH10,background
STRA13,background
C15ORF57,background
PRDX6,background
MRPS11,background
CCDC50,background
MIR1978,background
PAFAH1B1,background
BOLA3,background
TAF10,background
ADSL,background
C11ORF48,background
HNRPC,background
LOC645688,background
SYPL1,background
ANKRD11,background
LOC649447,background
CISD1,background
ARL6IP4,background
RNF5P1,background
ANAPC11,background
NMI,background
CHURC1,background
NME3,background
KIAA0892,background
TOMM34,background
PGRMC1,background
LOC347292,background
AMY1C,background
REPIN1,background
PTPN4,background
ZP3,background
LOC728564,background
MMD,background
SAPS3,background
EXOSC9,background
CBX7,background
SGSH,background
KRT10,background
CDC42SE1,background
HOPX,background
RPUSD4,background
TRADD,background
EAPP,background
CFD,background
LOC648771,background
C1ORF85,background
LOC728554,background
C19ORF43,background
NUP43,background
SURF6,background
MYLIP,background
MRPL54,background
CCR3,background
BLOC1S1,background
TRAPPC4,background
GZMK,background
COPS3,background
CCDC23,background
PDIA3P,background
HAX1,background
PLEKHO1,background
KLRF1,background
RBM4,background
FAM96B,background
LOC649821,background
LOC399988,background
PTPLAD1,background
POLR2G,background
NENF,background
DNCL1,background
ZNF266,background
SDPR,background
PLAC8,background
ZNF91,background
SUSD1,background
SNRPA1,background
LOC729742,background
POLE3,background
MAP1LC3B,background
DYNLL1,background
CMTM7,background
CBLL1,background
GNG11,background
MCRS1,background
ATP5SL,background
LOC729500,background
UFC1,background
PPBP,background
SNHG1,background
HERPUD1,background
DBT,background
HLA-G,background
NUDT1,background
KLRB1,background
VPS35,background
SEC13,background
TMEM147,background
CD2BP2,background
TRAF5,background
DSCR3,background
TMEM134,background
SS18,background
CD63,background
OXSR1,background
VKORC1,background
FBXW11,background
TMEM173,background
VDAC1,background
MAT2A,background
PHF3,background
TMED1,background
ADAM15,background
TSPAN14,background
PSMD7,background
PRPS1,background
LRRFIP2,background
CSTB,background
OFD1,background
C14ORF43,background
FKBP5,background
ZNF544,background
S100A10,background
FAM32A,background
CMTM3,background
CITED2,background
DDX55,background
TUG1,background
COX8A,background
PSMD2,background
FCER1A,background
DDT,background
C9ORF23,background
ZFP36L2,background
CAMP,background
HBXIP,background
ZNF296,background
SERPINB1,background
KAT2A,background
CCDC92,background
LPAR5,background
LOC645058,background
CYBASC3,background
CXXC5,background
TTC31,background
PLA2G4B,background
CPSF1,background
ZDHHC8,background
SEC61A1,background
PITPNC1,background
RAPGEF6,background
CD79A,background
DNAJB1,background
KRTCAP2,background
AP4B1,background
CUL1,background
ACSL5,background
CD79B,background
PCNT,background
HMGB2,background
CYB561D1,background
NUP85,background
C17ORF70,background
KCNJ2,background
CD19,background
MMS19,background
BTN3A3,background
CCT3,background
SUMF2,background
TAF1C,background
C2ORF42,background
CXCR5,background
BRD9,background
CBLB,background
BCL11A,background
SMAD3,background
SMARCC1,background
RNF220,background
MZF1,background
MAN2A1,background
LOC642755,background
SLC30A7,background
POLR3C,background
CLEC4A,background
IMPDH2,background
FCRLA,background
SF3A3,background
AES,background
DDX42,background
SLC46A3,background
MTHFS,background
PTPRA,background
FCGBP,background
LOC643387,background
GRAP,background
CDK4,background
BANF1,background
LOC400455,background
ZFP91,background
CPSF4,background
PRPF4,background
SFRS14,background
MGST2,background
RPA1,background
RNF20,background
GAPVD1,background
C8ORF55,background
ARHGEF7,background
RFTN1,background
IL11RA,background
GSDMB,background
CD27,background
LOC88523,background
NDUFS8,background
SDF2,background
WDR59,background
CLDN15,background
LOC728734,background
PDXDC1,background
HVCN1,background
STK25,background
RNMT,background
GART,background
FLT3LG,background
LOC100134537,background
FAM113B,background
SCNM1,background
VIL2,background
ATP6V0E2,background
TSC1,background
EWSR1,background
PYCR2,background
KIAA0196,background
LOC645899,background
CCDC130,background
WDR42A,background
SLC25A28,background
DEXI,background
AFG3L2,background
NFX1,background
RSU1,background
PTP4A2,background
RBBP7,background
PRPSAP1,background
TOMM40,background
STMN3,background
LBH,background
THAP11,background
CIRBP,background
TYSND1,background
IMP4,background
LY9,background
HS.534439,background
EPRS,background
PHACTR4,background
RRM1,background
MCM6,background
SLC25A14,background
SUPT16H,background
PDHB,background
DDX39,background
PNPO,background
SAMM50,background
ECHDC2,background
C20ORF111,background
PTDSS1,background
LIME1,background
SMARCA2,background
LRRC47,background
PRMT1,background
FAF2,background
C3ORF19,background
PIK3R1,background
FAM62B,background
PFKP,background
IARS2,background
ETS1,background
C20ORF11,background
GIMAP5,background
LTB,background
FCRL3,background
ZNF512,background
UBXN1,background
DDX19B,background
MYC,background
FH,background
IL32,background
PDXP,background
HSP90B1,background
SEL1L3,background
CPSF3,background
GLS,background
MTMR4,background
KIAA0194,background
RAB3GAP1,background
LOC728661,background
HNRNPAB,background
TOP2B,background
AIMP2,background
PEX5,background
ARHGEF6,background
C16ORF58,background
HSPA9,background
RBM14,yellow
ZC3H5,yellow
ATXN2,yellow
PHF15,yellow
CLSTN1,yellow
POM121C,yellow
UBQLN4,yellow
RANGAP1,yellow
EDC4,yellow
RASAL3,yellow
PHRF1,yellow
LOC730316,yellow
XRCC6,yellow
TRIM28,yellow
GCN1L1,yellow
ABCF1,yellow
CD7,yellow
DDX24,yellow
TXLNA,yellow
NUDC,yellow
DYNC1H1,yellow
EXOSC10,yellow
ESYT1,yellow
CARD11,yellow
SEC31A,yellow
SMARCD1,yellow
MCM3AP,yellow
DMAP1,yellow
LAT,yellow
ARS2,yellow
PCSK7,yellow
KIAA1310,yellow
TMEM109,yellow
PABPC4,yellow
SCAMP3,yellow
SARS,yellow
USP5,yellow
ELP3,yellow
HSP90AB1,yellow
WDR6,yellow
TMEM131,yellow
PTBP1,yellow
ZNF142,yellow
HCFC1,yellow
MCM3,yellow
PUM1,yellow
LOC151162,yellow
PPM1G,yellow
CKAP5,yellow
ARHGAP17,yellow
ITFG2,yellow
ARHGEF18,yellow
C20ORF4,yellow
MMS19L,yellow
RDH11,yellow
MAP4K1,yellow
AARS,yellow
GOLGA3,yellow
GGA2,yellow
HNRPUL2,yellow
CYFIP2,yellow
SPOCK2,yellow
BMS1,yellow
ANAPC5,yellow
SRP68,yellow
SPTAN1,yellow
RING1,yellow
EFTUD2,yellow
CDC37,yellow
ATP1A1,yellow
PLCG1,yellow
ADARB1,yellow
MYCBP2,yellow
ZBTB4,yellow
UNC84B,yellow
CS,yellow
ITPR3,yellow
CDC25B,yellow
FLJ10081,yellow
CNOT1,yellow
P2RY8,yellow
C2ORF29,yellow
CTNNBL1,yellow
VARS,yellow
ITGB7,yellow
NOP2,yellow
TJAP1,yellow
METTL13,yellow
CYTSA,yellow
FAIM3,yellow
PARP1,yellow
TH1L,yellow
NOL6,yellow
INTS9,yellow
TUBB,yellow
SEPT9,yellow
PRPF31,yellow
C3ORF37,yellow
NCL,yellow
YARS,yellow
CSNK1E,yellow
ABLIM1,yellow
OSBP,yellow
DENND2D,yellow
HDAC1,yellow
VEGFB,yellow
NPIP,yellow
GTF3C2,yellow
CD81,yellow
EVL,yellow
HNRPM,yellow
CCT7,yellow
QRICH1,yellow
PABPC1,yellow
TTC3,yellow
GOT2,yellow
SIN3A,yellow
NUP62,yellow
CRTC3,yellow
LOC391811,yellow
MCM7,yellow
PSMC5,yellow
NUP205,yellow
GORASP2,yellow
EZR,yellow
BIN1,yellow
CALM1,yellow
MAGED1,yellow
ATIC,yellow
LCMT1,yellow
NHP2L1,yellow
AKR1B1,yellow
PRAGMIN,yellow
GEMIN4,yellow
SGSM2,yellow
HS.534427,yellow
RNPS1,yellow
POGK,yellow
ST6GAL1,yellow
FOXJ3,yellow
FAM102A,yellow
PUS1,yellow
IMMT,yellow
EIF2B4,yellow
ENO1,yellow
WDR54,yellow
TRRAP,yellow
DGKA,yellow
HNRNPM,yellow
HNRNPD,yellow
SDHA,yellow
PLSCR3,yellow
DNMT1,yellow
LOC646195,yellow
CD6,yellow
TSR2,yellow
SAE1,yellow
HS.546375,yellow
GARS,yellow
BCL11B,yellow
CCND2,yellow
NONO,yellow
CNOT2,yellow
SHMT2,yellow
LPXN,yellow
CIRH1A,yellow
UBASH3A,yellow
MFGE8,yellow
IMP3,yellow
HNRNPUL2,turquoise
TMEM69,turquoise
HS.549989,turquoise
GABPB2,turquoise
LOC100133649,turquoise
RBM10,turquoise
SCAP,turquoise
FAM110A,turquoise
LOC645895,turquoise
LILRB3,turquoise
RASGRP2,turquoise
DENND4B,turquoise
LOC100190986,turquoise
CXXC1,turquoise
LOC727808,turquoise
GANAB,turquoise
KIAA1267,turquoise
LOC642031,turquoise
OSBPL7,turquoise
VAMP2,turquoise
PRKD2,turquoise
NUMA1,turquoise
ST3GAL1,turquoise
SIK3,turquoise
GPS1,turquoise
LOC644745,turquoise
CD97,turquoise
STIP1,turquoise
RAB35,turquoise
TLN1,turquoise
PDCD7,turquoise
HGS,turquoise
MEF2D,turquoise
SPG7,turquoise
HS.568928,turquoise
FYN,turquoise
PDPR,turquoise
AKAP13,turquoise
PBX2,turquoise
RXRB,turquoise
LOC650029,turquoise
CLCN7,turquoise
LBA1,turquoise
LOC100132247,turquoise
CDK5RAP3,turquoise
GP9,turquoise
PACS1,turquoise
SRRM2,turquoise
DNAJB6,turquoise
CORO7,turquoise
DIAPH1,turquoise
FARSLB,turquoise
RALY,turquoise
MGC16703,turquoise
UBA1,turquoise
SEPT5,turquoise
JUND,turquoise
RNF31,turquoise
PIK3CD,turquoise
NCOR2,turquoise
CCNK,turquoise
NRGN,turquoise
UBE1,turquoise
EMD,turquoise
DCTN1,turquoise
MOBKL2A,turquoise
LOC728888,turquoise
LOC23117,turquoise
PUF60,turquoise
INTS3,turquoise
BRD2,turquoise
TAGLN2,turquoise
CTNS,turquoise
STK19,turquoise
TNRC6B,turquoise
CTGLF7,turquoise
DPF2,turquoise
CLDN14,turquoise
DNM2,turquoise
TSPAN33,turquoise
AATF,turquoise
GAK,turquoise
SIPA1,turquoise
ACADVL,turquoise
EIF4G1,turquoise
SEC16A,turquoise
KLF2,turquoise
PLOD3,turquoise
XPNPEP3,turquoise
SEC24C,turquoise
LOC729978,turquoise
GON4L,turquoise
PIAS4,turquoise
PSME3,turquoise
SLC44A2,turquoise
SEMA4D,turquoise
SERTAD1,turquoise
GATAD2A,turquoise
FOXJ2,turquoise
PNPLA6,turquoise
FAM53B,turquoise
SAFB2,turquoise
ZGPAT,turquoise
CCDC97,turquoise
POLR2A,turquoise
PAF1,turquoise
LOC440353,turquoise
PTOV1,turquoise
XAB2,turquoise
PIK4CA,turquoise
LOC613037,turquoise
PSD4,turquoise
FRAP1,turquoise
MLL4,turquoise
TBCD,turquoise
SH2D3C,turquoise
LFNG,turquoise
ECH1,turquoise
UBE2L3,turquoise
CTBP1,turquoise
HMG20B,turquoise
STK10,turquoise
ZNF493,turquoise
SMARCC2,turquoise
SIDT2,turquoise
FAM38A,turquoise
ITGAL,turquoise
FBXL11,turquoise
CASC3,turquoise
CDKN1A,turquoise
U2AF2,turquoise
LPP,turquoise
PITPNM1,turquoise
L3MBTL2,turquoise
MCM5,turquoise
ELMO2,turquoise
SF3B4,turquoise
ITPK1,turquoise
MARS,turquoise
MLEC,turquoise
WBP11,turquoise
ZDHHC5,turquoise
UBN1,turquoise
VPS37B,turquoise
AKNA,turquoise
TRIM56,turquoise
SMG7,turquoise
UBA7,turquoise
TAF15,turquoise
VAV1,turquoise
MYO9B,turquoise
ARHGAP1,turquoise
RRAGC,turquoise
LOC643031,turquoise
EML3,turquoise
KIAA0101,turquoise
CMIP,turquoise
RABGAP1,turquoise
SEMA4B,turquoise
VCL,turquoise
XPC,turquoise
LOC643319,turquoise
KIAA0913,turquoise
MARCKSL1,turquoise
FGD3,turquoise
CABIN1,turquoise
EMP3,turquoise
MBD6,turquoise
MYADM,turquoise
ARF3,turquoise
EHD1,turquoise
LOC387703,turquoise
RANBP3,turquoise
FBRS,turquoise
HS.193767,turquoise
DHX34,turquoise
CTDSP1,turquoise
ARHGAP30,turquoise
ZYG11B,turquoise
IKBKG,turquoise
TPP1,turquoise
TRIM26,turquoise
PRKCSH,turquoise
CLEC16A,turquoise
GUSB,turquoise
ARHGEF2,turquoise
DTX2,turquoise
PILRB,turquoise
ADRM1,turquoise
TSC22D1,turquoise
LRRC33,turquoise
MYST1,turquoise
CD37,turquoise
RRBP1,turquoise
NCKAP1L,turquoise
ZC3H3,turquoise
MSN,turquoise
EXOC7,turquoise
NOMO2,turquoise
TUBB1,turquoise
EIF3B,turquoise
RAPGEF1,turquoise
MYH9,turquoise
PXN,turquoise
NISCH,turquoise
BRPF1,turquoise
C9ORF164,turquoise
TMEM140,turquoise
SETDB1,turquoise
CTSB,turquoise
CSF1R,turquoise
C7ORF26,turquoise
NUB1,turquoise
HLA-DRB6,turquoise
KIAA0922,turquoise
SASH3,turquoise
PRPF8,turquoise
ATP2B4,turquoise
FAM63A,turquoise
MKNK2,turquoise
ERGIC1,turquoise
FAM65A,turquoise
C9ORF69,turquoise
PRR14,turquoise
SEC14L1,turquoise
CTSA,turquoise
IKBKB,turquoise
AP1M1,turquoise
PLEKHM2,turquoise
EIF2C2,turquoise
LRCH4,turquoise
TIAF1,turquoise
DHX16,turquoise
TATDN2,turquoise
PTGS1,turquoise
ZC3H4,turquoise
SF3A2,turquoise
GLG1,turquoise
TMBIM6,turquoise
BTBD2,turquoise
BCAP31,turquoise
PNKP,turquoise
KCTD13,turquoise
SF3B2,turquoise
CREBBP,turquoise
C7ORF41,turquoise
GNAS,turquoise
PLEKHA2,turquoise
MAP4K2,turquoise
CSK,turquoise
TUBA1A,turquoise
ELF4,turquoise
EPN1,turquoise
CNOT4,turquoise
LRP10,turquoise
MGC10997,turquoise
SKIV2L,turquoise
BSDC1,turquoise
IDH3B,turquoise
KIAA0240,turquoise
SND1,turquoise
IGF2R,turquoise
CAPN1,turquoise
PI4KAP2,turquoise
TIMP1,turquoise
COPA,turquoise
PPP1R15A,turquoise
ACIN1,turquoise
SORL1,turquoise
ZNFX1,turquoise
ATG2A,turquoise
NXF1,turquoise
ZNF317,turquoise
ACLY,turquoise
BRD3,turquoise
ANKFY1,turquoise
TRPC4AP,turquoise
NCOA3,turquoise
CDC42EP4,turquoise
VPS37C,turquoise
TAPBP,turquoise
MIDN,turquoise
SNTB2,turquoise
INTS4,turquoise
LOC730415,turquoise
ITGB4BP,turquoise
ELMO1,turquoise
MAP7D1,turquoise
MUL1,turquoise
HMHA1,turquoise
STXBP2,turquoise
APBA3,turquoise
LZTR1,turquoise
RNF216L,turquoise
TUBB2C,turquoise
IL8RB,turquoise
GRK5,turquoise
ADD1,turquoise
RPRC1,turquoise
SPEN,turquoise
PPP1CA,turquoise
PYGB,turquoise
E4F1,turquoise
LASS2,turquoise
ARHGAP25,turquoise
SRF,turquoise
SYVN1,turquoise
ECHS1,turquoise
N-PAC,turquoise
PTPN6,turquoise
ARFGAP2,turquoise
SLC9A1,turquoise
FIG4,turquoise
IL16,turquoise
SYTL3,turquoise
FNBP1,turquoise
FASN,turquoise
MYST3,turquoise
CCNI,turquoise
RBCK1,turquoise
KLF6,turquoise
VHL,turquoise
SBF1,turquoise
RARA,turquoise
CALR,turquoise
LSP1,turquoise
AHCYL1,turquoise
UBE2M,turquoise
CD74,turquoise
GDI1,turquoise
COASY,turquoise
ATP2A3,turquoise
KATNB1,turquoise
HIST2H2BE,turquoise
EIF4A3,turquoise
MAPKAPK2,turquoise
IDH3G,turquoise
C22ORF30,turquoise
NDRG3,turquoise
RERE,turquoise
FERMT3,turquoise
FRMD8,turquoise
SRPR,turquoise
PFN1,turquoise
LOC100130919,turquoise
TPRG1L,turquoise
CTSZ,turquoise
MAN2B2,turquoise
ARHGAP4,turquoise
KIAA0513,turquoise
TNK2,turquoise
C14ORF159,turquoise
FAM120B,turquoise
PLCB2,turquoise
LPCAT3,turquoise
PPP2R1A,turquoise
AP1B1,turquoise
XKR8,turquoise
ILK,turquoise
MFSD5,turquoise
VRK3,turquoise
GCC1,turquoise
VASP,turquoise
PLEKHM1,turquoise
PIAS1,turquoise
STK24,turquoise
SH3BP1,turquoise
C1ORF162,turquoise
DGKD,turquoise
PRKCB1,turquoise
GSDMD,turquoise
UBAP2L,turquoise
IP6K1,turquoise
SFRS4,turquoise
NDE1,turquoise
ANTXR2,turquoise
DHRS1,turquoise
TMBIM1,turquoise
ACTN1,turquoise
ALKBH5,turquoise
APBB1IP,turquoise
GMEB2,turquoise
RIC8A,turquoise
SH3BGRL3,turquoise
NCLN,turquoise
AFTPH,turquoise
HNRPUL1,turquoise
CSNK1G2,turquoise
STAT3,turquoise
EDG4,turquoise
DEDD2,turquoise
TFIP11,turquoise
PCBP2,turquoise
G6PD,turquoise
ATP6V0A1,turquoise
RASSF5,turquoise
LPAR2,turquoise
SNX6,turquoise
KIF21B,turquoise
TMEM175,turquoise
CLK3,turquoise
ARCN1,turquoise
TUBA4A,turquoise
PLOD1,turquoise
CSNK2B,turquoise
MYPOP,turquoise
LOC374395,turquoise
MID1IP1,turquoise
RBMS1,turquoise
STX5,turquoise
CAPNS1,turquoise
WARS,turquoise
ATP6AP1,turquoise
PPP4C,turquoise
SLC9A3R1,turquoise
CFLAR,turquoise
AKT1,turquoise
TUBA1C,turquoise
SH3KBP1,turquoise
LAMP1,turquoise
PCNX,turquoise
SNN,turquoise
ACTR1A,turquoise
YIPF3,turquoise
TADA3,turquoise
DUSP18,turquoise
TRIM8,turquoise
INPP5D,turquoise
GTF2F1,turquoise
HLA-B,turquoise
BRPF3,turquoise
RBM23,turquoise
GPI,turquoise
MAPKAPK3,turquoise
CUTL1,turquoise
CRKL,turquoise
CAPZB,turquoise
NDUFAF3,turquoise
RAB8A,turquoise
ZNF212,turquoise
SQSTM1,turquoise
F11R,turquoise
KPNA1,turquoise
BAT5,turquoise
LPIN2,turquoise
ZNF672,turquoise
SLCO3A1,turquoise
ETV6,turquoise
ISG20L2,turquoise
TECR,turquoise
EEF2,turquoise
IL18BP,turquoise
RBM42,turquoise
KLHDC3,turquoise
FBP1,turquoise
KLHL22,turquoise
OCEL1,turquoise
CBX6,turquoise
HPCAL1,turquoise
HARS2,turquoise
C15ORF39,turquoise
HK1,turquoise
UBE2I,turquoise
TAX1BP3,turquoise
STAT6,turquoise
DCAF7,turquoise
RPS6KA1,turquoise
IQSEC1,turquoise
SMG5,turquoise
TRIOBP,turquoise
ARRB2,turquoise
MYO1G,turquoise
CORO1A,turquoise
H3F3A,turquoise
ZBTB48,turquoise
NUCB1,turquoise
NCF1,turquoise
CECR1,turquoise
TUBA1B,turquoise
ACTB,turquoise
PI4KB,turquoise
ADRBK1,turquoise
ABR,turquoise
HS.508682,turquoise
ARHGDIA,turquoise
STAT5A,turquoise
CXCL16,turquoise
BRI3BP,turquoise
ATXN7L3,turquoise
YWHAH,turquoise
DDX23,turquoise
SLC27A3,turquoise
ZFYVE26,turquoise
CALM3,turquoise
RNASET2,turquoise
YWHAB,turquoise
SNRPB,turquoise
ALDH9A1,turquoise
JARID1A,turquoise
LOC650152,turquoise
VPS16,turquoise
TECPR1,turquoise
CTDSP2,turquoise
NUDT5,turquoise
S1PR4,turquoise
DOCK2,turquoise
NDRG1,turquoise
SHC1,turquoise
NFYC,turquoise
DPEP2,turquoise
NCOA1,turquoise
SMAP2,turquoise
RCC2,turquoise
LOC255783,turquoise
PGAM1,turquoise
CYB5R3,turquoise
CSNK1D,turquoise
ADAM19,turquoise
RNF44,turquoise
LOC100130886,turquoise
EGLN2,turquoise
NCOA6,turquoise
LOC730994,turquoise
DUS2L,turquoise
UNC93B1,turquoise
UBE4B,turquoise
POTEF,turquoise
B9D2,turquoise
NIPBL,turquoise
MAP1LC3A,turquoise
UBC,turquoise
IQGAP1,turquoise
DOK2,turquoise
RAC2,turquoise
CTNNA1,turquoise
NBEAL2,turquoise
TM9SF4,turquoise
CNDP2,turquoise
PSMD1,turquoise
PKM2,turquoise
ANKRD13A,turquoise
EHBP1L1,turquoise
MGAT1,turquoise
RAB37,turquoise
DEF6,turquoise
TRAPPC1,turquoise
PARVG,turquoise
WBP2,turquoise
ITGB2,turquoise
SAFB,turquoise
KIAA0174,turquoise
PLEKHG3,turquoise
GPBAR1,turquoise
TMEM91,turquoise
TNFRSF1B,turquoise
KIAA1949,turquoise
DPP8,turquoise
CPNE1,turquoise
VPS8,turquoise
GARNL4,turquoise
TNFRSF10B,turquoise
SH2B3,turquoise
FTHL7,turquoise
OGFR,turquoise
RPN1,turquoise
RAB5B,turquoise
STK38,turquoise
TMEM179B,turquoise
NFKB1,turquoise
CNN2,turquoise
RNPEP,turquoise
PSTPIP1,turquoise
RALBP1,turquoise
HLA-H,turquoise
YIF1B,turquoise
ARPC4,turquoise
C16ORF57,turquoise
MED16,turquoise
MNT,turquoise
TRIM39,turquoise
APEH,turquoise
TUBGCP2,turquoise
CYTH4,turquoise
WDR1,turquoise
TPM3,turquoise
ZNF787,turquoise
PDLIM7,turquoise
ABTB1,turquoise
BANP,turquoise
CREB3L2,turquoise
FAR2,turquoise
HCG4,turquoise
GLT25D1,turquoise
JMJD8,turquoise
CD82,turquoise
SYK,turquoise
DAGLB,turquoise
GPSM3,turquoise
ZDHHC7,turquoise
IFITM2,turquoise
CAMK1D,turquoise
HSPA1A,turquoise
HLA-A,turquoise
GLB1,turquoise
RYBP,turquoise
SDF4,turquoise
PACSIN2,turquoise
SIGLEC10,turquoise
STAT5B,turquoise
LOC401076,turquoise
IK,turquoise
GNB1,turquoise
LOC652616,turquoise
COPE,turquoise
ZYX,turquoise
LOC647000,turquoise
MTF1,turquoise
LRSAM1,turquoise
FTHL16,turquoise
ARHGDIB,turquoise
PPP3R1,turquoise
ZNF362,turquoise
HLA-E,turquoise
PPP1R11,turquoise
PATL1,turquoise
RAC1,turquoise
HNRNPK,turquoise
TSG101,turquoise
ANKRD33,turquoise
TGOLN2,turquoise
KIAA2013,turquoise
HCLS1,turquoise
SCYL1,turquoise
GNS,turquoise
TWF2,turquoise
YTHDF1,turquoise
TCF25,turquoise
FKBP1A,turquoise
MAP3K11,turquoise
MAP3K5,turquoise
HIST1H2BK,turquoise
RHOA,turquoise
ZNF185,turquoise
LOC646214,turquoise
TPR,turquoise
P4HB,turquoise
CCM2,turquoise
TMEM87A,turquoise
PSCD4,turquoise
LOC653888,turquoise
SP1,turquoise
PDXK,turquoise
NCSTN,turquoise
CPPED1,turquoise
ZFP36,turquoise
LOC728138,turquoise
EFHD2,turquoise
ARID1A,turquoise
CD300A,turquoise
ITM2B,turquoise
AXUD1,turquoise
GNB2L1,turquoise
WNK1,turquoise
LOC402221,turquoise
SHKBP1,turquoise
ACSS2,turquoise
SERINC3,turquoise
ZZEF1,turquoise
CBL,turquoise
YWHAZ,turquoise
SEC23B,turquoise
DDB1,turquoise
SELL,turquoise
LOC441268,turquoise
GIMAP8,turquoise
CHMP2A,turquoise
PLD3,turquoise
LOC399748,turquoise
HIST1H1C,turquoise
RAB40C,turquoise
HSD17B4,turquoise
LARP4B,turquoise
CABC1,turquoise
TTC15,turquoise
GTF2IP1,turquoise
DBNL,turquoise
CCND3,turquoise
BHLHB2,turquoise
PGAM4,turquoise
CASP2,turquoise
LOC389322,turquoise
IRF1,turquoise
RNF216,turquoise
MED22,turquoise
PHF23,turquoise
ARID3B,turquoise
LOC642489,turquoise
DDOST,turquoise
ARPC1B,turquoise
LOC728533,turquoise
TOM1,turquoise
SETD2,turquoise
ZMIZ1,turquoise
HADHB,turquoise
CHFR,turquoise
FKSG30,turquoise
LOC390557,turquoise
GRN,turquoise
AKIRIN2,turquoise
MFSD10,turquoise
KPNB1,turquoise
F13A1,turquoise
UNC45A,turquoise
CHP,turquoise
RCSD1,turquoise
FAM65B,turquoise
JARID2,turquoise
HERC1,turquoise
LYN,turquoise
CFL1,turquoise
PSAP,turquoise
SPHK2,turquoise
PCBP1,turquoise
FAM129A,turquoise
GRAMD1A,turquoise
HDAC3,turquoise
STRADA,turquoise
LOC606724,turquoise
HAUS4,turquoise
CST3,turquoise
WIPF1,turquoise
OSTF1,turquoise
TRABD,turquoise
HS.576106,turquoise
UQCRC1,turquoise
SSU72,turquoise
M6PRBP1,turquoise
PLCL2,turquoise
KCNK6,turquoise
PSMB10,turquoise
TSC22D3,turquoise
SOD2,turquoise
EIF4H,turquoise
STK4,turquoise
CHES1,turquoise
VIM,turquoise
AURKAIP1,turquoise
RNF167,turquoise
ASH2L,turquoise
ATP5B,turquoise
LOC643313,turquoise
JAK1,turquoise
TPI1,turquoise
SURF4,turquoise
PSMB2,turquoise
WDR8,turquoise
TXNIP,turquoise
CYB5R1,turquoise
ALOX5AP,turquoise
ARF1,turquoise
TINF2,turquoise
LOC732007,turquoise
HLA-F,turquoise
ZBED1,turquoise
CYBA,turquoise
PGLS,turquoise
ASAP1,turquoise
COTL1,turquoise
LOC390530,turquoise
COPS7A,turquoise
C14ORF4,turquoise
PSME1,turquoise
MAPRE1,turquoise
OAZ2,turquoise
C8ORF41,turquoise
TBC1D2B,turquoise
MGC71993,turquoise
COPB2,turquoise
PARP4,turquoise
HSPA1B,turquoise
RNASEK,turquoise
ACTG1,turquoise
CAMK2G,turquoise
ALDH3B1,turquoise
MAPK1,turquoise
RBM22,turquoise
HS.475334,turquoise
SLC24A6,turquoise
CUEDC2,turquoise
PSMB3,turquoise
SDCBP,turquoise
COMT,turquoise
MFNG,turquoise
SPNS1,turquoise
NPEPL1,turquoise
CENTA1,turquoise
OPRL1,turquoise
CHMP4B,turquoise
CHST7,turquoise
C7ORF27,turquoise
KLF13,turquoise
AP3B1,turquoise
CD99L2,turquoise
MAEA,turquoise
PRCP,turquoise
ANXA5,turquoise
GSTP1,turquoise
FXYD5,turquoise
PGK1,turquoise
CAP1,turquoise
ZNF319,turquoise
WDR68,turquoise
PCCB,turquoise
DNASE2,turquoise
RPS6KA4,turquoise
PGM1,turquoise
SNX17,turquoise
LOC644063,turquoise
RBPJ,turquoise
HPS6,turquoise
LOC286016,turquoise
GNPDA1,turquoise
HIST1H2BD,turquoise
TMEM8,turquoise
GNA15,turquoise
ANXA2,turquoise
DPYSL2,turquoise
DAZAP2,turquoise
NFKBIA,turquoise
DCTN2,turquoise
FSCN1,turquoise
TST,turquoise
PRF1,tan
SBK1,tan
CLIC3,tan
RUNX3,tan
ZAP70,tan
TGFBR3,tan
FLJ20699,tan
SLAMF6,tan
S1PR5,tan
TTC38,tan
EOMES,tan
CCL5,tan
IL2RB,tan
MATK,tan
C9ORF142,tan
PLEKHF1,tan
NKG7,tan
FAM108A2,tan
GZMB,tan
GPR56,tan
ASCL2,tan
CD247,tan
LOC729495,tan
GNLY,tan
SAMD3,tan
CX3CR1,tan
RASSF1,tan
LOC644988,tan
LOC653438,tan
PYHIN1,tan
FGFBP2,tan
HCST,tan
CTSW,tan
KLRD1,tan
GZMH,tan
SPOP,purple
TOP3A,purple
HS.184721,purple
WDR82,purple
ANKRD13D,purple
C14ORF102,purple
HS.143018,purple
GNL3L,purple
CNNM3,purple
NOP56,purple
PIK3CG,purple
PPARBP,purple
PLEKHB2,purple
NBPF20,purple
IFNAR2,purple
PAPD5,purple
LOC727908,purple
ANXA11,purple
ASXL2,purple
CYLD,purple
BBX,purple
HS.516646,purple
NBPF8,purple
NBPF10,purple
CXORF38,purple
ZNF148,purple
YY1,purple
SELPLG,purple
RSPRY1,purple
FBXW7,purple
CARS,purple
AAK1,purple
THOC2,purple
CEP350,purple
TMX4,purple
PTPRC,purple
ARID4B,purple
GRB2,purple
ZNF641,purple
C1ORF71,purple
LOC400986,purple
TROVE2,purple
DYRK2,purple
NUCKS1,purple
C21ORF58,pink
IL18,pink
CREB1,pink
ZNF430,pink
LOC729603,pink
LOC642947,pink
LOC728105,pink
LOC100130168,pink
ANKRD30B,pink
LILRB1,pink
RPL7L1,pink
POFUT1,pink
LOC255167,pink
SLC16A12,pink
CDAN1,pink
LOC653086,pink
LOC653489,pink
LOC100132727,pink
LOC100130445,pink
DENR,pink
LOC646996,pink
C9ORF80,pink
EIF2AK4,pink
FLJ35390,pink
DAPP1,pink
LOC202781,pink
N4BP2,pink
TNFSF14,pink
LOC100134159,pink
LOC731789,pink
ZNF669,pink
LOC100131096,pink
ZNF786,pink
AHR,pink
LOC100130053,pink
ZNF486,pink
OCIAD1,pink
FAM40B,pink
C8ORF37,pink
CEP27,pink
DCLRE1C,pink
ATG10,pink
PPA2,pink
RUNDC2C,pink
ALPP,pink
IL10,pink
RAXL1,pink
SULT1A1,pink
USP49,pink
SLC4A5,pink
MCM8,pink
LOC100133516,pink
PIP5K2B,pink
MAGT1,pink
PATE2,pink
LOC400446,pink
C10ORF58,pink
DUXAP3,pink
HSD17B7,pink
PTPLAD2,pink
LOC399900,pink
SDHALP1,pink
ZNF738,pink
BCYRN1,pink
LOC100134868,pink
PLA2G2D,pink
VPS41,pink
NUBPL,pink
CCDC125,pink
SMCR5,pink
LOC648921,pink
ZNF223,pink
DTWD2,pink
LOC644250,pink
LOC100128062,pink
IL17RD,pink
LOC100129502,pink
DMC1,pink
ICA1,pink
CSF2RA,pink
ZNF652,pink
SSTR2,pink
FLJ25363,pink
ZNF557,pink
LOC90586,pink
LRAP,pink
C15ORF63,pink
C2ORF69,pink
LOC645452,pink
XRCC2,pink
LOC401098,pink
MBD4,pink
SYAP1,pink
BLZF1,pink
C14ORF153,pink
LOC100128288,pink
DEM1,pink
FLJ44124,pink
LOC100133772,pink
LRRC37B2,pink
FAM73A,pink
TMEM106A,pink
PCDHB9,pink
SLC35E1,pink
FCAR,pink
HIATL2,pink
ZNF69,pink
SHROOM4,pink
YRDC,pink
LOC440704,pink
FLJ46309,pink
ARL16,pink
SNAPC1,pink
GRIPAP1,pink
FLJ40722,pink
C3ORF34,pink
C8ORF45,pink
FAM175A,pink
LOC730990,pink
LOC729120,pink
HS.544637,pink
RHBDL2,pink
LOC730313,pink
LMOD3,pink
LOC100129211,pink
ZNF394,pink
HNRNPU,pink
LOC100129362,pink
ZNF682,pink
MCART1,pink
LOC648852,pink
LOC100129269,pink
TMEM17,pink
BMS1P5,pink
ZNF577,pink
HS.163752,pink
TNFSF15,pink
LOC728903,pink
FKBP14,pink
C6ORF170,pink
ZNF483,pink
LOC100132585,pink
LOC100128510,pink
NLRP8,pink
C14ORF85,pink
LOC100128084,pink
LOC100132391,pink
LOC100131718,pink
LOC100131989,pink
PLDN,pink
SPTLC1,pink
LOC100128098,pink
TDRD1,pink
LEP,pink
KIAA1751,pink
C11ORF63,pink
DDX51,pink
PPM1K,pink
LOC100130516,pink
BIRC3,pink
QRFPR,pink
LOC100127975,pink
EID2B,pink
CHRNA5,pink
CYCSL1,pink
PTGR2,pink
CDKN2AIPNL,pink
KCNH6,pink
LOC728809,pink
ZNF14,pink
CATSPER2,pink
LOC389765,pink
CCBE1,pink
HSPC268,pink
FLJ36131,pink
LOC100132673,midnightblue
LOC644937,midnightblue
RPL13L,midnightblue
LOC388076,midnightblue
LOC100128936,midnightblue
LOC728481,midnightblue
LOC100129028,midnightblue
FLJ43681,midnightblue
LOC100131866,midnightblue
PTMA,midnightblue
LOC649946,midnightblue
LOC390183,midnightblue
LOC730288,midnightblue
LOC728484,midnightblue
LOC728060,midnightblue
LOC220433,midnightblue
RPS28,midnightblue
FOXO4,magenta
C22ORF13,magenta
LOC440359,magenta
CSDA,magenta
LOC650832,magenta
MAP2K3,magenta
IGF2BP2,magenta
ASCC2,magenta
FBXO7,magenta
ADIPOR1,magenta
TRIM58,magenta
TNS1,magenta
RPIA,magenta
BSG,magenta
XPO7,magenta
EIF2AK1,magenta
LOC100131164,magenta
RBM38,magenta
LOC441455,magenta
SLC4A1,magenta
TSPAN5,magenta
STRADB,magenta
RNF123,magenta
RGS10,magenta
BCL2L1,magenta
GSPT1,magenta
PIP5K2A,magenta
GMPR,magenta
UBE2D3,magenta
HS.57079,magenta
RAB2B,magenta
C20ORF108,magenta
EPB42,magenta
LOC389599,magenta
DCAF6,magenta
E2F2,magenta
SELENBP1,magenta
CHPT1,magenta
PIP4K2A,magenta
PSMF1,magenta
GLRX5,magenta
MPP1,magenta
LGALS3,magenta
AHSP,magenta
EIF1B,magenta
HBD,magenta
CA1,magenta
HS.291319,magenta
FAM104A,magenta
SRRD,magenta
PRDX2,magenta
ALAS2,magenta
SESN3,magenta
RNF11,magenta
WDR40A,magenta
DNAJA4,magenta
MKRN1,magenta
HMBS,magenta
GYPE,magenta
FAM46C,magenta
C9ORF78,magenta
C1ORF128,magenta
IFIT1L,magenta
SNCA,magenta
LOC646301,lightcyan
LOC730286,lightcyan
LOC729021,lightcyan
LOC730235,lightcyan
LOC401357,lightcyan
LOC100130914,lightcyan
LOC728457,lightcyan
LOC730284,lightcyan
LOC100128326,lightcyan
LOC100134634,lightcyan
LOC729660,lightcyan
LOC100132112,lightcyan
LOC728728,lightcyan
LOC100134530,lightcyan
LOC100132491,lightcyan
LOC728440,lightcyan
AUP1,grey
CRIP1,grey
RHOT2,grey
TXNDC14,grey
KIF22,grey
CCDC12,grey
LOC100133583,grey
CHKB,grey
MAD2L2,grey
CIB1,grey
HLA-DPA1,grey
C1ORF123,grey
ROBLD3,grey
ITM2C,grey
RPS26P11,grey
DNLZ,grey
HLA-DQA1,grey
TMED9,grey
HCP5,grey
MYL12A,grey
PRMT2,grey
TBCB,grey
LOC441377,grey
LOC728823,grey
LOC650646,grey
LOC644928,grey
LOC641768,grey
LOC645979,grey
LOC100128056,grey
ARD1A,grey
RPS26L,grey
LOC729708,grey
LOC644934,grey
SDHC,grey
SNUPN,grey
COMMD9,grey
LOC644191,grey
GSTM1,grey
RPS26,grey
LOC100133678,grey
LOC728937,grey
GSTM2,grey
LOC652493,grey
COQ9,grey
CDC16,grey
SLC35B1,grey
TRAPPC2L,grey
FAM173A,grey
CLTA,grey
MAGMAS,grey
MIF4GD,grey
C19ORF50,grey
BUD31,grey
IGLL1,grey
MPV17,grey
FN3KRP,grey
LOC647450,grey
HLA-A29.1,grey
LOC647506,grey
SMA4,grey
LOC100129650,grey
CRELD2,grey
CETN2,grey
DCTN3,grey
NAPSB,grey
HLA-DMB,grey
MT1F,grey
SLC41A3,grey
AK2,grey
FCGR2B,grey
CYC1,grey
POLR2C,grey
DYM,grey
MGMT,grey
LOC729317,grey
LOC652694,grey
UROS,grey
IKZF1,grey
PARP10,greenyellow
SHISA5,greenyellow
OAS2,greenyellow
FAM46A,greenyellow
LY6E,greenyellow
STAT2,greenyellow
TRIM21,greenyellow
PARP14,greenyellow
MX2,greenyellow
IFITM1,greenyellow
BST2,greenyellow
IRF7,greenyellow
IRF9,greenyellow
PRIC285,greenyellow
SCO2,greenyellow
UBE2L6,greenyellow
PARP12,greenyellow
LAP3,greenyellow
GBP1,greenyellow
XAF1,greenyellow
IFI35,greenyellow
SP110,greenyellow
EIF2AK2,greenyellow
TAP1,greenyellow
PARP9,greenyellow
OAS1,greenyellow
MX1,greenyellow
IFITM3,greenyellow
IFIH1,greenyellow
STAT1,greenyellow
IFI16,greenyellow
SAMD9L,greenyellow
LOC643384,greenyellow
ZBP1,greenyellow
IFI6,greenyellow
HERC5,greenyellow
IFIT2,greenyellow
TYMP,greenyellow
IFIT1,greenyellow
IFIT3,greenyellow
EPSTI1,greenyellow
ECGF1,greenyellow
FBXO46,green
WASF2,green
MED25,green
YY1AP1,green
C20ORF55,green
USP7,green
LOC644931,green
POLDIP3,green
SMARCA4,green
WDR13,green
TRIM41,green
TCTA,green
SP2,green
RNF40,green
IRF3,green
IRX1,green
INPPL1,green
CSNK2A1,green
BAT3,green
FBXO18,green
FKBP8,green
SLC35A2,green
PTPN7,green
HS.149244,green
LOC100132394,green
ACTRT1,green
VWCE,green
LOC100008589,green
UBXN6,green
ARAF,green
PPP2R2B,green
MBNL3,green
CARM1,green
LOC648705,green
HS.571622,green
RFNG,green
LOC100134364,green
TARDBP,green
LYL1,green
CLK2,green
HS.187290,green
ADRA2C,green
WBP1,green
SLC6A10P,green
DDR1,green
MEGF10,green
LOC642377,green
SNAPC2,green
COQ6,green
MARCH2,green
FCGR3A,green
FZD7,green
USP4,green
LOC645284,green
CHD4,green
ALDOC,green
LOC654155,green
C2ORF24,green
HDAC6,green
ATP6V0C,green
LOC653635,green
FAM89B,green
LOC100130623,green
CHD8,green
DNA2,green
HS.539888,green
LOC646508,green
HS.564949,green
KDELR1,green
PRR5,green
FCRL2,green
GPR175,green
MAP1S,green
ATXN10,green
LOC440313,green
FXR2,green
RNF10,green
LOC652045,green
LOC730226,green
PNPLA2,green
C22ORF25,green
HS.544069,green
MOSPD3,green
LOC652140,green
MAP4K4,green
DPYSL5,green
HS.412918,green
SIPA1L3,green
LYPD3,green
LOC643310,green
ST6GALNAC4,green
UBE2W,green
HDAC7A,green
HCCA2,green
SMU1,green
SLC25A39,green
LOC652968,green
NOC4L,green
SPRYD3,green
COL8A2,green
CTSD,green
YPEL3,green
MED1,green
ROPN1B,green
SLC25A45,green
C16ORF35,green
TMEM86B,green
FAM134A,green
UBL7,green
NOL10,green
PKNOX1,green
C19ORF22,green
BSCL2,green
LMNA,green
GYPC,green
PSENEN,green
LOC100132652,green
B4GALT3,green
STX10,green
TBC1D10B,green
LOC387686,green
LOC100131726,green
RNF213,green
CDIPT,green
RTF1,green
LOC100131391,green
EPB49,green
FAM83F,green
LOC100130332,green
SEMA6B,green
MUC6,green
SLC25A23,green
ANKRD9,green
HBQ1,green
SERPINA13,green
FAM10A4,green
ARF4,green
MCOLN1,green
BCR,green
EIF4EBP2,green
FAM116B,green
FOXO3,green
GUK1,green
LOC642469,green
SLC25A37,green
DNAJB2,green
TNIP1,green
AP2M1,green
TYW1,green
FBXW5,green
HS.544245,green
F8A1,green
UBAP1,green
HBM,green
C5ORF4,green
SLC2A11,green
NFE2,green
C19ORF62,green
TESC,green
TMEM111,green
DPM2,green
NECAP2,green
VPS28,green
YBX1,green
ELOF1,green
UBB,green
YIPF1,green
MYL4,green
WDR45,green
KIAA1539,green
E2F4,green
HAGH,green
GRINA,green
PINK1,green
PIM1,green
LOC648390,green
RAD23A,green
CDC34,green
PDZK1IP1,green
BLVRB,green
HDGF,green
NINJ2,green
GGA1,cyan
ROCK2,cyan
RRP7B,cyan
ZNF674,cyan
LOC729439,cyan
NAG18,cyan
MSH3,cyan
RN7SL1,cyan
CCR6,cyan
ANXA2P2,cyan
FAM177A1,cyan
LOC100133465,cyan
IMAA,cyan
ITIH5,cyan
RPLP2,cyan
LOC100133876,cyan
C19ORF31,cyan
LAIR1,cyan
F2R,cyan
LOC100132593,cyan
TMSB4X,cyan
LOC100129758,cyan
CLUAP1,cyan
RAB11FIP1,brown
ITGA5,brown
NUAK2,brown
ARHGAP9,brown
GMIP,brown
STK40,brown
CENTD2,brown
HS.193406,brown
MAST3,brown
ACTN4,brown
MVP,brown
PLCG2,brown
RNF24,brown
ARAP1,brown
NADK,brown
TNFRSF1A,brown
ARID3A,brown
ABHD5,brown
MYO1F,brown
NDEL1,brown
TYK2,brown
CXCR1,brown
MTMR3,brown
RENBP,brown
FAM53C,brown
CANT1,brown
CDC2L6,brown
FLJ22662,brown
WAS,brown
ITPRIP,brown
MLF2,brown
UBR2,brown
ITGAX,brown
REPS2,brown
ALPK1,brown
NCF1C,brown
PECAM1,brown
ACOX1,brown
ARAP3,brown
PLEKHO2,brown
SSH2,brown
C5AR1,brown
B4GALT5,brown
RXRA,brown
ICAM3,brown
TBL1X,brown
CDA,brown
HK3,brown
PTAFR,brown
LAT2,brown
LCP1,brown
NOTCH1,brown
TSPO,brown
RHOG,brown
GBA,brown
IFNAR1,brown
TCIRG1,brown
SNX27,brown
MBOAT7,brown
PILRA,brown
XPO6,brown
GNAI2,brown
P2RY13,brown
ACSL1,brown
THOC5,brown
LAPTM5,brown
SLC45A4,brown
LPPR2,brown
ATG16L2,brown
ZDHHC18,brown
LRG1,brown
TACC3,brown
GSK3B,brown
DEF8,brown
ATP6V0D1,brown
CSF3R,brown
HLX,brown
ANPEP,brown
SLC43A2,brown
RAB7A,brown
FCGRT,brown
QPCT,brown
IL17RA,brown
SLC15A3,brown
STX3,brown
SLC25A44,brown
PTPRE,brown
LITAF,brown
LOC440043,brown
CFP,brown
NINJ1,brown
CD53,brown
C10ORF54,brown
LASP1,brown
SEMA4A,brown
GAB2,brown
ATP6V1A,brown
RAB5C,brown
BCL3,brown
MAPK3,brown
CHST15,brown
ZNF746,brown
OSBPL2,brown
EMR3,brown
HIST2H2AA4,brown
ALDOA,brown
PISD,brown
CNPY3,brown
DYSF,brown
LOC644914,brown
BASP1,brown
SLC2A3,brown
HS.413494,brown
PAK1,brown
ULK1,brown
SULF2,brown
KIAA0247,brown
LTBR,brown
SLC16A5,brown
RAF1,brown
NRD1,brown
AQP9,brown
NLRP12,brown
ATP6V1B2,brown
SPI1,brown
LOC440093,brown
PRKCD,brown
LRRC25,brown
IMPDH1,brown
LOC730744,brown
FLOT2,brown
C1ORF24,brown
NUMB,brown
EVI2B,brown
LOC440926,brown
MME,brown
OSCAR,brown
ZNF467,brown
RASSF2,brown
BRI3,brown
IFNGR2,brown
SLC16A3,brown
CRISPLD2,brown
RAB31,brown
IL13RA1,brown
FTHL12,brown
BCKDK,brown
FCGR2A,brown
TALDO1,brown
RTN3,brown
AGTRAP,brown
HSPA6,brown
CA4,brown
SEPX1,brown
DENND5A,brown
SLC11A1,brown
LOC730740,brown
PHF21A,brown
SERPINA1,brown
ALOX5,brown
PRR13,brown
SIRPA,brown
CD300LF,brown
CD68,brown
SNX11,brown
LOC730278,brown
EMILIN2,brown
LILRA2,brown
COQ10A,brown
MXD1,brown
MTX1,brown
RNF130,brown
MMP9,brown
PRAM1,brown
TIMP2,brown
PANX2,brown
IL1R2,brown
CEBPD,brown
FLOT1,brown
SLA,brown
PFKFB4,brown
C20ORF43,brown
MANBA,brown
NT5C2,brown
PLXDC2,brown
CTSS,brown
APH1B,brown
NCF2,brown
FRAT2,brown
MMP25,brown
TBXAS1,brown
NFIL3,brown
ADAM8,brown
IMPA2,brown
PGCP,brown
LOC730820,brown
FPR1,brown
FCN1,brown
PYGL,brown
PYCARD,brown
RNF149,brown
MYD88,brown
TPD52L2,brown
DENND3,brown
HCK,brown
DNTTIP1,brown
S100A11,brown
BRI3P1,brown
KIF1B,brown
RALB,brown
NCF4,brown
PGD,brown
QSOX1,brown
GLIPR2,brown
TBC1D14,brown
GALK1,brown
TSEN34,brown
PADI4,brown
PICALM,brown
ATG7,brown
GAS7,brown
TYROBP,brown
FES,brown
CEBPB,brown
AMICA1,brown
VAMP3,brown
CD14,brown
FGR,brown
ITGAM,brown
ATP6V0B,brown
TKT,brown
ZFP106,brown
TRIB1,brown
PPM1F,brown
TMEM170B,blue
C9ORF72,blue
TFRC,blue
PCMT1,blue
BNIP2,blue
SLC30A9,blue
SLC44A1,blue
VAMP7,blue
FAM96A,blue
C14ORF100,blue
SENP7,blue
TAF7,blue
MED28,blue
ARL6IP5,blue
IFNGR1,blue
PRDX3,blue
SRP9,blue
CRLS1,blue
CCPG1,blue
CLDND1,blue
TM2D1,blue
FAM45A,blue
CDC40,blue
YPEL5,blue
GNG10,blue
LOC151579,blue
PHF20L1,blue
TANK,blue
LYST,blue
PIGY,blue
TBK1,blue
ORMDL1,blue
CYB5R4,blue
ASNSD1,blue
TMX1,blue
KIAA1600,blue
UBL3,blue
MTMR6,blue
MARCH7,blue
OSBPL8,blue
PPP3CB,blue
HDAC2,blue
TMED7,blue
SLC35A1,blue
TOMM20,blue
CNOT8,blue
UBLCP1,blue
AGL,blue
LOC653226,blue
AZIN1,blue
LOC284988,blue
NECAP1,blue
ANGEL2,blue
C2ORF25,blue
STK17B,blue
HIGD1A,blue
LOC650369,blue
ANKIB1,blue
RAB5A,blue
UBE2N,blue
C14ORF138,blue
DSE,blue
PPM1B,blue
IRF2BP2,blue
RHOT1,blue
EFHA1,blue
ACADM,blue
SERP1,blue
PPP1R2,blue
ZFR,blue
TMEM59,blue
FOXN2,blue
STRAP,blue
SFRS2,blue
FAR1,blue
RAB3GAP2,blue
SLMAP,blue
KIAA1370,blue
RCOR3,blue
OXR1,blue
LOC647081,blue
RASA1,blue
SP3,blue
NIN,blue
PSIP1,blue
RHEB,blue
PCNP,blue
SCAMP1,blue
LOC729148,blue
PAPD4,blue
TMED5,blue
STAG2,blue
GNA13,blue
ACSL4,blue
ANKRD12,blue
CAPZA2,blue
FAM160B1,blue
LOC100131261,blue
GALC,blue
FEM1C,blue
KLF9,blue
PNRC2,blue
ZRANB2,blue
HMGN4,blue
CHD1,blue
FBXO33,blue
TRIM33,blue
ARL8B,blue
PPP1CB,blue
ACTR10,blue
NCK1,blue
C2ORF64,blue
DCP2,blue
ZBED5,blue
PFAAP5,blue
DDX59,blue
GOLGA7,blue
MTDH,blue
PPP1CC,blue
FBXO11,blue
DEK,blue
PDCD6,blue
HS.130036,blue
GGNBP2,blue
PAIP2,blue
RPS6KB1,blue
TMEM167B,blue
ZMPSTE24,blue
OBFC2A,blue
EVI2A,blue
EFR3A,blue
AP1S2,blue
REEP5,blue
COQ10B,blue
ADD3,blue
RGS18,blue
BTAF1,blue
SH3BGRL,blue
USP15,blue
CBFB,blue
MBNL1,blue
CAB39,blue
VPS36,blue
MMADHC,blue
ZSWIM6,blue
UBE2A,blue
CMPK1,blue
SSR1,blue
FAM116A,blue
ATP11B,blue
RSBN1,blue
CGGBP1,blue
TDG,blue
PRKAA1,blue
GMFB,blue
EXOSC3,blue
IFRD1,blue
TM2D3,blue
C5ORF5,blue
SF3B1,blue
TMEM123,blue
PRDM1,blue
RAB10,blue
SDHD,blue
CD47,blue
ABI1,blue
AKAP11,blue
UNC50,blue
DNAJA2,blue
UBE3A,blue
CMTM6,blue
CLINT1,blue
MAP3K7,blue
SLC4A7,blue
PCMTD1,blue
HPRT1,blue
LOC730432,blue
HS.348514,blue
C18ORF25,blue
BAZ2B,blue
TMEM50B,blue
C14ORF106,blue
SMEK2,blue
KIAA1012,blue
BIRC2,blue
MGAT2,blue
SUZ12,blue
TMED2,blue
CENTB2,blue
SNX14,blue
SFRS2IP,blue
ZFAND5,blue
RAB8B,blue
CUL4A,blue
SCYL2,blue
MATR3,blue
PQLC3,blue
ARL5A,blue
SMAD4,blue
SAMD9,blue
WTAP,blue
TRAM1,blue
HS.570988,blue
LEMD3,blue
SKP1A,blue
WDFY1,blue
LOC644363,blue
G3BP2,blue
MRFAP1L1,blue
BRP44L,blue
MORF4L1,blue
CLK1,blue
RAP2C,blue
TNFAIP8,blue
SIAH1,blue
FNTA,blue
TMEM188,blue
SLC38A2,blue
DHX29,blue
FLJ31306,blue
LOC643357,blue
ZNF700,blue
ARL6IP1,blue
SMNDC1,blue
ANKRD10,blue
UBE2Q2,blue
THUMPD1,blue
DUSP11,blue
LOC641844,blue
SNX10,blue
USO1,blue
NCBP2,blue
LOC100132715,blue
ACAP2,blue
RFX7,blue
HNRPH3,blue
PRNP,blue
CD46,blue
C19ORF2,blue
CCDC14,blue
LOC100131336,blue
KPNA3,blue
ARGLU1,blue
SFT2D1,blue
RBM25,blue
SHOC2,blue
C16ORF63,blue
TBPL1,blue
VPS4B,blue
ADSS,blue
PTPN11,blue
BMI1,blue
C12ORF41,blue
USP38,blue
HS.127310,blue
MST4,blue
ACBD3,blue
PRKRIR,blue
NIP7,blue
PURB,blue
CNIH,blue
RAB21,blue
ZNF146,blue
FYTTD1,blue
PTPLB,blue
USP42,blue
BCLAF1,blue
KIDINS220,blue
TMEM181,blue
ZBTB33,blue
AMD1,blue
C5ORF15,blue
RNF103,blue
SERBP1,blue
PAPOLA,blue
UGP2,blue
RBM17,blue
DNAJB14,blue
LMBRD1,blue
C4ORF41,blue
SMG1,blue
LOC203547,blue
ARFGEF1,blue
PTPN12,blue
MKLN1,blue
NARS,blue
GPBP1,blue
SACM1L,blue
CDKN1B,blue
LEPROTL1,blue
RAB11A,blue
NCOA7,blue
ACTL6A,blue
LOC642975,blue
UBE4A,blue
ZMYND11,blue
C5ORF21,blue
TOR1AIP1,blue
CEPT1,blue
CDC42SE2,blue
EIF4A2,blue
DIMT1L,blue
RAP1BL,blue
RNF13,blue
TMEM41B,blue
LOC643167,blue
OGT,blue
MIS12,blue
TIA1,blue
APPBP2,blue
XRN1,blue
WWP1,blue
RASGRP1,blue
CALM2,blue
ELF2,blue
SFRS18,blue
LANCL1,blue
ATP6AP2,blue
MIER1,blue
SEP15,blue
HNRNPH3,blue
WDR75,blue
PAG1,blue
API5,blue
PTGS2,blue
MAP3K1,blue
CHD9,blue
HNRNPA2B1,blue
PLEKHA1,blue
KPNA4,blue
SERINC1,blue
DDX3X,blue
MON2,blue
AIDA,blue
ADNP,blue
MAT2B,blue
PJA2,blue
SNRK,blue
UBP1,blue
C6ORF111,blue
DOCK11,blue
CRLF3,blue
TTC37,blue
UBXN4,blue
SYNJ1,blue
GNG2,blue
PRKRA,blue
ITGB1,blue
SET,blue
INSIG1,blue
VEZF1,blue
FAM13B,blue
KIAA0528,blue
CCNG1,blue
COPB1,blue
RSRC2,blue
NOL11,blue
HECTD1,blue
TMEM66,blue
CCNL1,blue
NAP1L1,blue
HS.560343,blue
HS.535028,blue
XPO1,blue
C6ORF62,blue
C20ORF30,blue
DMTF1,blue
SLTM,blue
DERL1,blue
BAZ1A,blue
MTMR10,blue
DYRK1A,blue
C9ORF5,blue
JMJD1C,blue
GOLPH3,blue
SP4,blue
FAM111A,blue
POLR2B,blue
GLUD1,blue
UBQLN1,blue
KLRAQ1,blue
BUB3,blue
DHX15,blue
ZC3H11B,blue
PTGER4,blue
LOC389168,blue
LOC644799,blue
DDX5,blue
LOC345041,blue
HS.137971,blue
WASPIP,blue
LOC729926,black
LOC728139,black
RPS2,black
LOC390354,black
LOC390345,black
LOC644029,black
LOC728128,black
LOC644039,black
LOC643531,black
LOC729679,black
LOC645173,black
LOC100130980,black
MAL,black
LOC285053,black
LOC441876,black
RPL10A,black
LOC649548,black
FBL,black
LOC646294,black
LOC343184,black
LOC441013,black
LOC400963,black
RPL22,black
LOC728428,black
LDHB,black
APEX1,black
LOC347544,black
RPL19,black
LOC643433,black
RPL32,black
RPS16,black
RPS4X,black
LOC286444,black
LOC647099,black
LOC642210,black
LOC148430,black
LOC653314,black
LOC440027,black
LOC388474,black
PTPRCAP,black
EIF3F,black
RPL23A,black
TNFRSF25,black
LOC728517,black
CUTA,black
LOC651198,black
HS.554324,black
LOC389101,black
TRAF3IP3,black
LOC441034,black
C5ORF39,black
RPL18,black
LOC729798,black
LOC100129424,black
NOSIP,black
GLTSCR2,black
LOC440733,black
RPS15,black
TMEM203,black
LOC729789,black
CCR7,black
RPS19,black
SUSD3,black
ZNF337,black
SNRPN,black
LETMD1,black
ZC3HC1,black
